{
  "images": [
    "a.jpg",
    "b.jpg"
  ],
  "points_a": [
    [
      1111.5025621068417,
      972.6333425773137
    ],
    [
      754.8654939843263,
      2523.229290936076
    ],
    [
      2249.6399882021733,
      2641.074583011342
    ],
    [
      2621.783015808276,
      457.83548772220456
    ]
  ],
  "points_b": [
    [
      2224.830453028433,
      1083.2974371667435
    ],
    [
      1986.0386769811837,
      2556.3635881075684
    ],
    [
      3552.1405848235336,
      2804.4589398449702
    ],
    [
      3800.2359365609354,
      307.9994629873622
    ]
  ]
}