{
  "images": [
    "a.jpg",
    "b.jpg"
  ],
  "points_a": [
    [
      172.541879663818,
      1362.0933538924037
    ],
    [
      1128.0352675562349,
      972.474690868311
    ],
    [
      2380.3809701336745,
      1355.9089306697988
    ],
    [
      426.1032317906081,
      2363.969915954355
    ]
  ],
  "points_b": [
    [
      1471.2707564107923,
      1500.3538655627597
    ],
    [
      2241.23144762507,
      1082.9052980369465
    ],
    [
      3620.3578262659053,
      1361.2043430541553
    ],
    [
      1703.1866272584666,
      2387.8185980065255
    ]
  ]
}