{
  "images": [
    "a.jpg",
    "b.jpg"
  ],
  "points_a": [
    [
      737.5037800671473,
      356.23124133386864
    ],
    [
      520.1046661053012,
      2309.7175653624568
    ],
    [
      1796.5480352241404,
      2154.432483961138
    ],
    [
      1998.4186410458544,
      943.2088490308524
    ]
  ],
  "points_b": [
    [
      2504.6480064141533,
      431.29702021502453
    ],
    [
      2451.8510787377054,
      2248.132472610453
    ],
    [
      3784.1970771610195,
      2186.0184400499256
    ],
    [
      3964.327771586549,
      732.5500781335827
    ]
  ]
}